Token,TokenAddress,Address,Amount,Tx
OM,0x4cD6cfB32A8699386E65b591f02819e34e4e4B4C,0x86c7e2facc45d0a28f9dc96f7adb4bf0327bcc5e,61,0xd33ff64346f4856e00086c567e4f6c2221b738877ad94b12c63d899a85844d2c
OM,0x4cD6cfB32A8699386E65b591f02819e34e4e4B4C,0xeb6520682d8de2c10d6f73853f1d222d6d55fa9f,61,0x219af6689d84ef283510143267a444ec097b3a7fd3076707f02c179282b0e6c4
OM,0x4cD6cfB32A8699386E65b591f02819e34e4e4B4C,0xc5943e1e17db95b7293d28e8888a01998d1897ce,61,0x127f46f652ec9503b8bfa38c24574c4ecc5cd6f960ae8229d3009695acfb7383
OM,0x4cD6cfB32A8699386E65b591f02819e34e4e4B4C,0xc7932812b1a06c296c8b975d7fe0fc70d69df84f,61,0x8720340fc5f2733fe537f7e996e627e27f0193480d12ed1eb839cba22559f930
OM,0x4cD6cfB32A8699386E65b591f02819e34e4e4B4C,0x47092277e6106770194b08bbaccb4cab995fbaac,61,0x00678f463c94a6158091aa87d75912ee2a0926c1b267981e4f8f7ee092e1c916
OM,0x4cD6cfB32A8699386E65b591f02819e34e4e4B4C,0x40843edd7665e9a6395e6e59d2e7525f9bd88153,61,0x1046cbfec6b69ed98db024db66e0024c2243d5b51f6c5e03a205787620e884f9
OM,0x4cD6cfB32A8699386E65b591f02819e34e4e4B4C,0x297bbb21c3b9d34d6d45a243be8a2908870aea0f,61,0xe8d841a55d61315ba64d416970cce1b32ff68544029a65a658ef85a706abc3d5
OM,0x4cD6cfB32A8699386E65b591f02819e34e4e4B4C,0xbbca13c1d4557ef4dca959ac6571f32e0bd0182a,61,0xd71054d992751f1d037b3b97d0ccc0e35378def9804655d0fbe9ee008a276e07
OM,0x4cD6cfB32A8699386E65b591f02819e34e4e4B4C,0xf8dea6b9d7ea31e04fa741fa5e89c365e352059c,61,0x0d0a1c4f924d966a73b0037a9ee468e00fc399c9c2a64f73166eda5672c113ba
OM,0x4cD6cfB32A8699386E65b591f02819e34e4e4B4C,0x0e50d82faffc77f120fc930287ad131b7dd476df,61,0x376b42130801a3917335a7e77fe688e5bdc312411eb136bacf78ddd526613097
OM,0x4cD6cfB32A8699386E65b591f02819e34e4e4B4C,0x2ab337743899af2b8b475ed9f85822bb9499ddb8,61,0xccc6a0e3dd99cdbe519cd7e44802f49a357f7c4e4823c47564dc39c3b30fbbdf
OM,0x4cD6cfB32A8699386E65b591f02819e34e4e4B4C,0x597cdd0f542f0889ea3a30b76545b0f17d0fe4be,61,0x04f6d95efdeba42841da13e09a5917e7921ec7ed27c8256be6114c45fadf4cc9
OM,0x4cD6cfB32A8699386E65b591f02819e34e4e4B4C,0x2320da4478dc7225211e5b73370cad9fd7b6e235,61,0x0e8e7806179ad7a09187a72f07c8a721a80b1be5060a2ca92df23e7fe2ac40a4
OM,0x4cD6cfB32A8699386E65b591f02819e34e4e4B4C,0xe983011b13a51c9cdbbf40d54977ed093a161a66,61,0x39b21fa299f22949e7d6d0e117343d349f7333661f79d24b97c319eeab5ff235
OM,0x4cD6cfB32A8699386E65b591f02819e34e4e4B4C,0x592878b048316cb98864b716c084ea9c418d7ed9,61,0x68f767380364fbd0bfdb371122940cc17b072a63b537bfc14cadc20b12a496ae
OM,0x4cD6cfB32A8699386E65b591f02819e34e4e4B4C,0x408c0bab519de4237b9cd3ef7c60e090c7512d98,61,0x1cf37f88be4798da8989bdc40c1a924eef9f6c3147b927893494d1e4cbc48ca4
OM,0x4cD6cfB32A8699386E65b591f02819e34e4e4B4C,0xb8978ed8850f7dcebb8b953571f52d0b14103510,61,0x99b21f4be3df21a299611e7e99bf24a34e55cdd3b454216aa1f2517f83b16fb4
OM,0x4cD6cfB32A8699386E65b591f02819e34e4e4B4C,0x344103501d210843cac2aa9e8b01f7e19c75a6ce,61,0xc614085df3f570b19e2a65488b5775b45011a3124cbe6a40dfaf20361f1c2dd8
