Address,Amount,Tx
0x2C630688c571023C18636Ce24977C30f521B9199,1000,0xe3c3a59e7fe673dbd0174a77a6d9710eb68c1496fae55849bd038fb72afed196
0x2fF6EE91546b2F4A4Adce56F1dE9bDc9969dAd32,10,0xe3c3a59e7fe673dbd0174a77a6d9710eb68c1496fae55849bd038fb72afed196
0x33F89b54219fD155301984C6DD7F96D465E99EC4,667,0xe3c3a59e7fe673dbd0174a77a6d9710eb68c1496fae55849bd038fb72afed196
0x7Ad07612063EBF9e0CA9715F925AC493B28a22d6,667,0xe3c3a59e7fe673dbd0174a77a6d9710eb68c1496fae55849bd038fb72afed196
0x7D966c2ae9a344C36cCb08Dfab920A73F50Bc069,667,0xe3c3a59e7fe673dbd0174a77a6d9710eb68c1496fae55849bd038fb72afed196
0x8b8CE57FD64ef02D628F51d02333f6Bd9fb12065,25,0xe3c3a59e7fe673dbd0174a77a6d9710eb68c1496fae55849bd038fb72afed196
0xAC62b186e25198d9E878eB773D8E4E6aC1f47045,667,0xe3c3a59e7fe673dbd0174a77a6d9710eb68c1496fae55849bd038fb72afed196
0xB4A06fdE97A2112647AEbf8EB9f7C6A6e40A7722,667,0xe3c3a59e7fe673dbd0174a77a6d9710eb68c1496fae55849bd038fb72afed196
0xE7e1800A54F4095B481dB49928E705d1742f030A,11,0xe3c3a59e7fe673dbd0174a77a6d9710eb68c1496fae55849bd038fb72afed196
0xFa6b82e35DcC6716fe01826EDC10248Be2A7EF85,667,0xe3c3a59e7fe673dbd0174a77a6d9710eb68c1496fae55849bd038fb72afed196
0x74FbDb5389D78E298e406635498371d6566DbEBd,289,0xe3c3a59e7fe673dbd0174a77a6d9710eb68c1496fae55849bd038fb72afed196
0x23dc78107c914fd2efc0523b2ad4c9be15b09e38,501,0xe3c3a59e7fe673dbd0174a77a6d9710eb68c1496fae55849bd038fb72afed196
0x78003c4B70cE8dCE85403D033B910a90030C7EB3,501,0xe3c3a59e7fe673dbd0174a77a6d9710eb68c1496fae55849bd038fb72afed196
0xAE63889a4670778666C4f59BCE667B5Ec8707CF7,501,0xe3c3a59e7fe673dbd0174a77a6d9710eb68c1496fae55849bd038fb72afed196
0xC9C0c052Ff94A2503C279390625E815c5CD56540,501,0xe3c3a59e7fe673dbd0174a77a6d9710eb68c1496fae55849bd038fb72afed196
0xD03Af223577f7F9B9D54a9f1f18D03c47a9BCa5F,501,0xe3c3a59e7fe673dbd0174a77a6d9710eb68c1496fae55849bd038fb72afed196
0x0117f86714701c2EC45D442C4999EB2cDE09Be3D,501,0xe3c3a59e7fe673dbd0174a77a6d9710eb68c1496fae55849bd038fb72afed196
0x4C0DF822506D3707e3f13F1876698f3Ec3790442,501,0xe3c3a59e7fe673dbd0174a77a6d9710eb68c1496fae55849bd038fb72afed196
0x15f5fa840A8A012887a18Ed7bBcdeaF6047Da72e,501,0xe3c3a59e7fe673dbd0174a77a6d9710eb68c1496fae55849bd038fb72afed196
0x18b102c112553ee54ECD162404DBE3b8A3b9B749,501,0xe3c3a59e7fe673dbd0174a77a6d9710eb68c1496fae55849bd038fb72afed196
0x0124875754e324f15e15dA8ae75b637ccFF461a0,501,0xccf36b33dc4b970a2a7f05f708ef3d870cc42c7a138bb99bbf74e7d991ad94ac
0x4F95dD7019165999Ec21d59b849da82998A0eC38,501,0xccf36b33dc4b970a2a7f05f708ef3d870cc42c7a138bb99bbf74e7d991ad94ac
0xf3503f5e1F78A5088302278E7f2EACa5110748c4,501,0xccf36b33dc4b970a2a7f05f708ef3d870cc42c7a138bb99bbf74e7d991ad94ac
0xEA5073292D40430cc24aa1bF7EE483889787a415,501,0xccf36b33dc4b970a2a7f05f708ef3d870cc42c7a138bb99bbf74e7d991ad94ac
0xC544a291F2656eC80Af947A294bDCfcB6423881b,501,0xccf36b33dc4b970a2a7f05f708ef3d870cc42c7a138bb99bbf74e7d991ad94ac
0x8a74a2D9AB833d36A8955E64dc690a46347d18e0,501,0xccf36b33dc4b970a2a7f05f708ef3d870cc42c7a138bb99bbf74e7d991ad94ac
0x31b769F09103e637e43bb1E36FA3827C04Dd2A6A,501,0xccf36b33dc4b970a2a7f05f708ef3d870cc42c7a138bb99bbf74e7d991ad94ac
0x2abb9864e2B9F5edF4bad8af423aEb05975664b3,501,0xccf36b33dc4b970a2a7f05f708ef3d870cc42c7a138bb99bbf74e7d991ad94ac
0x136bb751A9fbad6BCec79a712638F413Fb508A95,501,0xccf36b33dc4b970a2a7f05f708ef3d870cc42c7a138bb99bbf74e7d991ad94ac
0xbeEDA452f06c0A8ca7a851D3a2dE86AB3114e37e,501,0xccf36b33dc4b970a2a7f05f708ef3d870cc42c7a138bb99bbf74e7d991ad94ac
0x792852F2853a07321Ef6e3E37744254Fe35dEab2,501,0xccf36b33dc4b970a2a7f05f708ef3d870cc42c7a138bb99bbf74e7d991ad94ac
0x86c9dC1BB08ee20289d00590F575f795121f0509,501,0xccf36b33dc4b970a2a7f05f708ef3d870cc42c7a138bb99bbf74e7d991ad94ac
0x8BB05D8D386bFE6632D31f8A6a51353BfD865C32,501,0xccf36b33dc4b970a2a7f05f708ef3d870cc42c7a138bb99bbf74e7d991ad94ac
0x4bae373844a53c5e790cf1dF34d5d1e547Cd7532,501,0xccf36b33dc4b970a2a7f05f708ef3d870cc42c7a138bb99bbf74e7d991ad94ac
0x83416B589B4B0e644d0b6033432f3B090a006ccd,501,0xccf36b33dc4b970a2a7f05f708ef3d870cc42c7a138bb99bbf74e7d991ad94ac
0xd68bCC9179c051464C8125766683b792D504d5Bd,501,0xccf36b33dc4b970a2a7f05f708ef3d870cc42c7a138bb99bbf74e7d991ad94ac
0x25FA2121a5556F81448E16C360b81B8364ef26Ab,501,0xccf36b33dc4b970a2a7f05f708ef3d870cc42c7a138bb99bbf74e7d991ad94ac
0x8438614d234ADad937212b88B5F41Bc2b20e7f96,501,0xccf36b33dc4b970a2a7f05f708ef3d870cc42c7a138bb99bbf74e7d991ad94ac
0x444879F01Aeff66Ef155C2D8267891Ee6f37fBdd,501,0xccf36b33dc4b970a2a7f05f708ef3d870cc42c7a138bb99bbf74e7d991ad94ac
0x196F8993CDb0f181E69C86B70aeF4d3149C2fc33,501,0xccf36b33dc4b970a2a7f05f708ef3d870cc42c7a138bb99bbf74e7d991ad94ac
0x347e3e2E8A74DfDCcC193a137D4725C52C3203D7,501,0x613a5b2dcb73c912f3cff04bc30c49435cdb8ef5cf8eeaf79405f577d3ec5222
