Token,TokenAddress,Address,Amount
TOMO,,0x184B698B1036e7c704558969c35a2Ebf11Ae7781,2.7
TOMO,,0x6e093ddE02B70a9DA361b77845535b1F5d99beB9,2.7
TOMO,,0x11bb7cDF94E1474A6b4dEe5e5E36e9DA36274626,2.7
TOMO,,0xc63e3a3B5b7D069198D651a3D3D0b68D081AD452,2.7
TOMO,,0x6C8CEF48dCC6853262aC90ACef1e87C12Ef9c613,2.7
TOMO,,0x403058f5333D85CC219a110Cdc4F4c2A87b7a1bC,2.7
TOMO,,0xD0a6b7A8117C7e78b596C23f216B8A0a04c9b72A,2.7
TOMO,,0xdBb3621BC6f22370ab9B01e5740d261e0bf69541,2.7
TOMO,,0x5A6fc337387A42Be4f8ebFEd7021ab6f6b8fe219,2.7
TOMO,,0xa8c81d47a90160b098397CDd876CAC2b517465e6,2.7
TOMO,,0x1bD308ea670931457A1E66B4A68995E269c9FC13,2.7
TOMO,,0x12Dc284358F64C921e9a57C055BFB34f96274C2e,2.7
TOMO,,0x395c73BB9ed7D2692A17904CF795FCfB5A3cB9C7,2.7
TOMO,,0x1A1ffFeb139b520CAa65cfc4065593BCd25d4853,2.7
TOMO,,0xC4880Aa38BE8173e1f58F68F656639F6da5De89B,2.7
TOMO,,0x8B34216108d25C363B1250b4F1D1506D253B2950,2.7
TOMO,,0xa4B86555C21F9CB1E9331A4ab74AfF36AeAb1Dba,2.7
TOMO,,0x37d1720B03618F9b0440E513e958B58cb6753ADd,2.7
TOMO,,0x3Fd00BEDCb3eE0b9Aa7eab310153f67299E9F047,2.7
TOMO,,0x80B729eee5B8419ac8892db77ECD32b4822867E0,2.7
TOMO,,0xf4dF4250d5a98d2A1f5880D451192b3ef913e63F,2.7
TOMO,,0xaaB6960E787fd035F2F1FF27abf059d3741EEDe9,2.7
TOMO,,0x69d8Fb54682E6E1122d7FFe750b6B5A90cCDC387,2.7
TOMO,,0x7febbE42703EDAf6Dd462E679139dad90AF565b5,2.7
TOMO,,0xc17eae51db93D256f0ad80ab625B1CBFe9d84514,2.7
TOMO,,0xA673172a0616a8A5A1BfC2e87d7ce8137173569e,2.7
TOMO,,0xc71f861aC10F32ec9bfdf6889038aa5f8Fc3CDd4,2.7
TOMO,,0x2c686fFee70861736C2B2b51aC37ec5756481041,2.7
TOMO,,0x41b44A79dBf04aE0D82AbC1CB9DA87f2E4cDa591,2.7
TOMO,,0x2EeD6aD357b37dFad0d10b43d37FE21134176500,2.7
TOMO,,0x77F6E4A085e152d7D581075b502b12E3bA7287bc,2.7
TOMO,,0x612369F310AD4A5d9b43e872D19280A9398d5C30,2.7
TOMO,,0x0Dc0A3802cb347BE1d904d2DC7f3c9ACf3E34E1D,2.7
TOMO,,0x1FDf5354E430299E04C45F5f4ce2e9115089ac3d,2.7
TOMO,,0x807ca68eF58c66a0C0d69112a308155c8b66f846,2.7
TOMO,,0x5fDf67244A8fc31d87f0bAb627827a205fc451E7,2.7
TOMO,,0x0367fc601B5b6F45409C016f62AEa45d8CF9a037,2.7
TOMO,,0xab885E06679500383ce3DFB745C92C7cbC7Ed4b8,2.7
TOMO,,0xD095E79fD3A0d00b97A97c7f93230F65a8c7b51d,2.7
TOMO,,0x2a53490E3d3C73aef8bAC4c0A310a2f0106e9A2A,2.7
TOMO,,0x3eE54C35793C769D4B4Cfd8e3063A97beb02F0ba,2.7
TOMO,,0xA12309b22F4e25827b7AE8c6B815cab5Ac81a17D,2.7
TOMO,,0x31C2b0A398148C5f8d6bEbaC4Af5e5dbeA79FF07,2.7
TOMO,,0xf44c8524fb86D14dbBbE404DA7186a7eb4651457,2.7
TOMO,,0x7adCa79c3296D841738dB70cB258Ba481764CDa0,2.7
TOMO,,0x5a5b21931d51d5BEc753ad9d175E82b533799D3c,2.7
TOMO,,0x793e8f3Be39a2d99cFE5C0f055092474a5Fd47A9,2.7
TOMO,,0x8713E5b79B836074C194C956Dd5f6f25f16f8299,2.7
TOMO,,0x833f19f6b70ad12695cCD660fBB3dc12eD7DBF85,2.7
TOMO,,0x138c48656a50A4553066ed70fDAf4Df82315a272,2.7
TOMO,,0x164a8379198a8d7155a1F0eaB9BAA256078d378E,2.7
TOMO,,0x8565A8e64c755DeaBb9D70e3cddE103Afd5Def83,2.7
TOMO,,0x15188DbaAB1d1e378352e3fBAfeab3C981fF213b,2.7
TOMO,,0x5832A093bF94dB6173E96d097346bcB3fd20090A,2.7
TOMO,,0x36B624180e8b8b10A120D9f543b134d7B312E371,2.7
TOMO,,0xE59b31467E71aAE2eFd2613b620b72018A9B02f1,2.7
TOMO,,0x1775c051807984735119F003a0B504D846565304,2.7
TOMO,,0xd6db212A5a366bEC91702BC9AAf64B6d249d77C7,2.7
TOMO,,0x8179F3D63d57026db4419959F5B432d8c20A3F59,2.7
TOMO,,0x269d274E1B254Ca9826540d1a1Ce8C57A16cc91B,2.7
TOMO,,0x5981ea4dF5d0cE3a6C592C6688013F2a39527653,2.7
TOMO,,0xcd0b67a61E5e8F4616c19e421e929813B6D947df,2.7
TOMO,,0xa5FbFEb66a5ed2dc82d89E1Af30e7676Ccf61Fc5,2.7
TOMO,,0x738514D20Ce5b627224567B1181CEDcF6CBde697,2.7
TOMO,,0x730861E78958c44f1A1De4385Ca41b5330Bce804,2.7
TOMO,,0x4a32a2a2640aBAD3d4fE15100afc625355733077,2.7
TOMO,,0x5258A2defba1760DA371262E3EC58e3C6785E48A,2.7
TOMO,,0x4893878644864088eAEFBEFA2F0f17faAf269e3e,2.7
TOMO,,0x7B692AFfB3A753faCa1902D5Ff2C2dB7BD1d432D,2.7
TOMO,,0xfe100bf0118880e4A6a4eeb1CfceE96d78e787f0,2.7
TOMO,,0x2585D9Ac75516c9be52013EC1D446f8e50e76aC3,2.7
TOMO,,0xa92a543806D99a6527416c72c4A4ee0e1548D0a0,2.7
TOMO,,0xFE336CF5336E4F527efD97Cae19Ad35518738456,2.7
TOMO,,0x4da561579b1aF71c8bb36Ba42515bb593B13afc8,2.7
TOMO,,0x5A6fc337387A42Be4f8ebFEd7021ab6f6b8fe219,3.5
TOMO,,0x12Dc284358F64C921e9a57C055BFB34f96274C2e,3.5
TOMO,,0xa4B86555C21F9CB1E9331A4ab74AfF36AeAb1Dba,3.5
TOMO,,0x8B34216108d25C363B1250b4F1D1506D253B2950,3.5
TOMO,,0x7adCa79c3296D841738dB70cB258Ba481764CDa0,3.5
TOMO,,0xa8c81d47a90160b098397CDd876CAC2b517465e6,3.5
TOMO,,0x0367fc601B5b6F45409C016f62AEa45d8CF9a037,3.5
TOMO,,0xaaB6960E787fd035F2F1FF27abf059d3741EEDe9,3.5
TOMO,,0x612369F310AD4A5d9b43e872D19280A9398d5C30,3.5
TOMO,,0x69d8Fb54682E6E1122d7FFe750b6B5A90cCDC387,3.5
TOMO,,0x77F6E4A085e152d7D581075b502b12E3bA7287bc,3.5
TOMO,,0x6e093ddE02B70a9DA361b77845535b1F5d99beB9,3.5
TOMO,,0xD0a6b7A8117C7e78b596C23f216B8A0a04c9b72A,3.5
TOMO,,0xab885E06679500383ce3DFB745C92C7cbC7Ed4b8,3.5
TOMO,,0xD095E79fD3A0d00b97A97c7f93230F65a8c7b51d,3.5
TOMO,,0xf4dF4250d5a98d2A1f5880D451192b3ef913e63F,3.5
TOMO,,0x7B692AFfB3A753faCa1902D5Ff2C2dB7BD1d432D,3.5
TOMO,,0x41b44A79dBf04aE0D82AbC1CB9DA87f2E4cDa591,3.5
TOMO,,0x403058f5333D85CC219a110Cdc4F4c2A87b7a1bC,3.5
TOMO,,0x2a53490E3d3C73aef8bAC4c0A310a2f0106e9A2A,3.5
TOMO,,0x018ECa99d1AAf5A34D7c6908610226298F42BF82,3.5
TOMO,,0xbB2761D454E6De29300B51C3C5fe49D9f19CD0d2,3.5
TOMO,,0x3Fd00BEDCb3eE0b9Aa7eab310153f67299E9F047,3.5
TOMO,,0x3eE54C35793C769D4B4Cfd8e3063A97beb02F0ba,3.5
TOMO,,0x807ca68eF58c66a0C0d69112a308155c8b66f846,3.5
TOMO,,0xC4880Aa38BE8173e1f58F68F656639F6da5De89B,3.5
TOMO,,0x3FF874fFE0fC08675Ea7D5C476981a45Edea4F80,3.5
TOMO,,0xE46dFF55F5fD43A0963b1c9408F3ac93Ff1Bc227,3.5
TOMO,,0xA12309b22F4e25827b7AE8c6B815cab5Ac81a17D,3.5
TOMO,,0xc15Ac857F6A383674E4465f9c7b7d628aC2c4B33,3.5
TOMO,,0x0Dc0A3802cb347BE1d904d2DC7f3c9ACf3E34E1D,3.5
TOMO,,0x14D9a28e3D5cc93e37cd9997ecD282d274014d77,3.5
TOMO,,0xc63e3a3B5b7D069198D651a3D3D0b68D081AD452,3.5
TOMO,,0x352e3a77F09c535512D21c80a281262945eCe6f9,3.5
TOMO,,0xF0C5C0a3a94981F87c5Ae737e732B70fa84Ed886,3.5
TOMO,,0x31C2b0A398148C5f8d6bEbaC4Af5e5dbeA79FF07,3.5
TOMO,,0x2c686fFee70861736C2B2b51aC37ec5756481041,3.5
TOMO,,0xc71f861aC10F32ec9bfdf6889038aa5f8Fc3CDd4,3.5
TOMO,,0x37d1720B03618F9b0440E513e958B58cb6753ADd,3.5
TOMO,,0xdBb3621BC6f22370ab9B01e5740d261e0bf69541,3.5
TOMO,,0x184B698B1036e7c704558969c35a2Ebf11Ae7781,3.5
TOMO,,0x5a5b21931d51d5BEc753ad9d175E82b533799D3c,3.5
TOMO,,0x2EeD6aD357b37dFad0d10b43d37FE21134176500,3.5
TOMO,,0x5fDf67244A8fc31d87f0bAb627827a205fc451E7,3.5
TOMO,,0x1611a07d61048C411fFE807Ca5E42f5751FEACEC,3.5
TOMO,,0x793e8f3Be39a2d99cFE5C0f055092474a5Fd47A9,3.5
TOMO,,0x8713E5b79B836074C194C956Dd5f6f25f16f8299,3.5
TOMO,,0x833f19f6b70ad12695cCD660fBB3dc12eD7DBF85,3.5
TOMO,,0x164a8379198a8d7155a1F0eaB9BAA256078d378E,3.5
TOMO,,0x8565A8e64c755DeaBb9D70e3cddE103Afd5Def83,3.5
TOMO,,0x138c48656a50A4553066ed70fDAf4Df82315a272,3.5
TOMO,,0x15188DbaAB1d1e378352e3fBAfeab3C981fF213b,3.5
TOMO,,0x5832A093bF94dB6173E96d097346bcB3fd20090A,3.5
TOMO,,0x36B624180e8b8b10A120D9f543b134d7B312E371,3.5
TOMO,,0xE59b31467E71aAE2eFd2613b620b72018A9B02f1,3.5
TOMO,,0x1775c051807984735119F003a0B504D846565304,3.5
TOMO,,0xd6db212A5a366bEC91702BC9AAf64B6d249d77C7,3.5
TOMO,,0x8179F3D63d57026db4419959F5B432d8c20A3F59,3.5
TOMO,,0x269d274E1B254Ca9826540d1a1Ce8C57A16cc91B,3.5
TOMO,,0x5981ea4dF5d0cE3a6C592C6688013F2a39527653,3.5
TOMO,,0xc17eae51db93D256f0ad80ab625B1CBFe9d84514,3.5
TOMO,,0xcd0b67a61E5e8F4616c19e421e929813B6D947df,3.5
TOMO,,0xa5FbFEb66a5ed2dc82d89E1Af30e7676Ccf61Fc5,3.5
TOMO,,0x738514D20Ce5b627224567B1181CEDcF6CBde697,3.5
TOMO,,0x4a32a2a2640aBAD3d4fE15100afc625355733077,3.5
TOMO,,0x5258A2defba1760DA371262E3EC58e3C6785E48A,3.5
TOMO,,0x667ce558003932708703760c7be0b4f66Cf752b5,3.5
TOMO,,0xc8aBe1C1D63BB79c500647C0ccBEF20c2A449B98,3.5
TOMO,,0xab3a8f1Fc8444C7ff57DD8F4A67F513Ab7534886,3.5
TOMO,,0x173bEe33D232bB916da29eBB81087a306b125463,3.5
TOMO,,0xf44c8524fb86D14dbBbE404DA7186a7eb4651457,3.5
TOMO,,0xfe100bf0118880e4A6a4eeb1CfceE96d78e787f0,3.5
TOMO,,0x7823F40f65F5089429A1a0E8659f87eaD9717cDA,3.5
TOMO,,0xD08413f2e32C27B60607178186c2D103dB6C6652,3.5
TOMO,,0x76DaD84e65c9C5EAfa1B0f412fa03599E3BBc323,3.5
TOMO,,0x2585D9Ac75516c9be52013EC1D446f8e50e76aC3,3.5
TOMO,,0x4da561579b1aF71c8bb36Ba42515bb593B13afc8,3.5
TOMO,,0x6C8CEF48dCC6853262aC90ACef1e87C12Ef9c613,3.5
TOMO,,0xa92a543806D99a6527416c72c4A4ee0e1548D0a0,3.5
TOMO,,0x80B729eee5B8419ac8892db77ECD32b4822867E0,3.5
TOMO,,0x93A87C5D3A886112D5747256814990Df5CF57523,3.5
TOMO,,0x730861E78958c44f1A1De4385Ca41b5330Bce804,3.5
TOMO,,0x1A1ffFeb139b520CAa65cfc4065593BCd25d4853,3.5
TOMO,,0x287fAD718FaB1A61a80cF5E269ea25A10DC34Af8,3.5
TOMO,,0xA673172a0616a8A5A1BfC2e87d7ce8137173569e,3.5